{
  "Use Non-ASCII Font": true,
  "Tags": [],
  "Ansi 12 Color": {
    "Green Component": 0.6,
    "Blue Component": 0.7333333333333333,
    "Red Component": 0.4235294117647059
  },
  "Guid": "6B1EE7DF-916C-42D2-BD6A-F0192A2CDC28",
  "Normal Font": "SauceCodePowerline-Regular 15",
  "Bold Color": {
    "Green Component": 0.8156862854957581,
    "Blue Component": 0.8156862854957581,
    "Red Component": 0.8156862854957581
  },
  "Ansi 2 Color": {
    "Green Component": 0.5557656957,
    "Blue Component": 0.3144466675,
    "Red Component": 0.4947380439
  },
  "Ansi 3 Color": {
    "Green Component": 0.7098039215686275,
    "Blue Component": 0.403921568627451,
    "Red Component": 0.8980392156862745
  },
  "Ansi 5 Color": {
    "Green Component": 0.3069779857956881,
    "Blue Component": 0.523446698099313,
    "Red Component": 0.6233385180995474
  },
  "Rows": 25,
  "Default Bookmark": "No",
  "Cursor Guide Color": {
    "Red Component": 0.65,
    "Color Space": "Calibrated",
    "Blue Component": 1,
    "Alpha Component": 0.25,
    "Green Component": 0.91
  },
  "Non-ASCII Anti Aliased": true,
  "Use Bright Bold": true,
  "Ansi 10 Color": {
    "Green Component": 0.5557656957013575,
    "Blue Component": 0.3144466675494936,
    "Red Component": 0.4947380439147472
  },
  "Ambiguous Double Width": false,
  "Jobs to Ignore": [
    "rlogin",
    "ssh",
    "slogin",
    "telnet"
  ],
  "Ansi 15 Color": {
    "Green Component": 0.9607843160629272,
    "Blue Component": 0.9607843160629272,
    "Red Component": 0.9607843160629272
  },
  "Foreground Color": {
    "Green Component": 0.8156862854957581,
    "Blue Component": 0.8156862854957581,
    "Red Component": 0.8156862854957581
  },
  "Working Directory": "\\/Users\\/pedro",
  "Blinking Cursor": false,
  "Disable Window Resizing": true,
  "Sync Title": false,
  "Prompt Before Closing 2": false,
  "BM Growl": true,
  "Command": "",
  "Description": "Default",
  "Mouse Reporting": true,
  "Screen": -1,
  "Selection Color": {
    "Green Component": 0.1882352977991104,
    "Blue Component": 0.1882352977991104,
    "Red Component": 0.1882352977991104
  },
  "Columns": 80,
  "Idle Code": 0,
  "Ansi 13 Color": {
    "Green Component": 0.3069779858,
    "Blue Component": 0.5234466981,
    "Red Component": 0.6233385181
  },
  "Custom Command": "No",
  "ASCII Anti Aliased": true,
  "Non Ascii Font": "SauceCodePowerline-Regular 15",
  "Vertical Spacing": 1,
  "Use Bold Font": true,
  "Option Key Sends": 2,
  "Selected Text Color": {
    "Green Component": 0.8156862854957581,
    "Blue Component": 0.8156862854957581,
    "Red Component": 0.8156862854957581
  },
  "Background Color": {
    "Red Component": 0.08155135810375214,
    "Color Space": "Calibrated",
    "Blue Component": 0.07884714007377625,
    "Alpha Component": 1,
    "Green Component": 0.08435726165771484
  },
  "Character Encoding": 4,
  "Ansi 11 Color": {
    "Green Component": 0.7098039216,
    "Blue Component": 0.4039215686,
    "Red Component": 0.8980392157
  },
  "Use Italic Font": true,
  "Unlimited Scrollback": false,
  "Keyboard Map": {
    "0xf700-0x260000": {
      "Action": 10,
      "Text": "[1;6A"
    },
    "0x37-0x40000": {
      "Action": 11,
      "Text": "0x1f"
    },
    "0x32-0x40000": {
      "Action": 11,
      "Text": "0x00"
    },
    "0xf709-0x20000": {
      "Action": 10,
      "Text": "[17;2~"
    },
    "0xf70c-0x20000": {
      "Action": 10,
      "Text": "[20;2~"
    },
    "0xf729-0x20000": {
      "Action": 10,
      "Text": "[1;2H"
    },
    "0xf72b-0x40000": {
      "Action": 10,
      "Text": "[1;5F"
    },
    "0xf705-0x20000": {
      "Action": 10,
      "Text": "[1;2Q"
    },
    "0xf703-0x260000": {
      "Action": 10,
      "Text": "[1;6C"
    },
    "0xf700-0x220000": {
      "Action": 10,
      "Text": "[1;2A"
    },
    "0xf701-0x280000": {
      "Action": 11,
      "Text": "0x1b 0x1b 0x5b 0x42"
    },
    "0x38-0x40000": {
      "Action": 11,
      "Text": "0x7f"
    },
    "0x33-0x40000": {
      "Action": 11,
      "Text": "0x1b"
    },
    "0xf703-0x220000": {
      "Action": 10,
      "Text": "[1;2C"
    },
    "0xf701-0x240000": {
      "Action": 10,
      "Text": "[1;5B"
    },
    "0xf70d-0x20000": {
      "Action": 10,
      "Text": "[21;2~"
    },
    "0xf702-0x260000": {
      "Action": 10,
      "Text": "[1;6D"
    },
    "0xf729-0x40000": {
      "Action": 10,
      "Text": "[1;5H"
    },
    "0xf706-0x20000": {
      "Action": 10,
      "Text": "[1;2R"
    },
    "0x34-0x40000": {
      "Action": 11,
      "Text": "0x1c"
    },
    "0xf700-0x280000": {
      "Action": 11,
      "Text": "0x1b 0x1b 0x5b 0x41"
    },
    "0x2d-0x40000": {
      "Action": 11,
      "Text": "0x1f"
    },
    "0xf70e-0x20000": {
      "Action": 10,
      "Text": "[23;2~"
    },
    "0xf702-0x220000": {
      "Action": 10,
      "Text": "[1;2D"
    },
    "0xf703-0x280000": {
      "Action": 11,
      "Text": "0x1b 0x1b 0x5b 0x43"
    },
    "0xf700-0x240000": {
      "Action": 10,
      "Text": "[1;5A"
    },
    "0xf707-0x20000": {
      "Action": 10,
      "Text": "[1;2S"
    },
    "0xf70a-0x20000": {
      "Action": 10,
      "Text": "[18;2~"
    },
    "0x35-0x40000": {
      "Action": 11,
      "Text": "0x1d"
    },
    "0xf70f-0x20000": {
      "Action": 10,
      "Text": "[24;2~"
    },
    "0xf703-0x240000": {
      "Action": 10,
      "Text": "[1;5C"
    },
    "0xf701-0x260000": {
      "Action": 10,
      "Text": "[1;6B"
    },
    "0xf702-0x280000": {
      "Action": 11,
      "Text": "0x1b 0x1b 0x5b 0x44"
    },
    "0xf72b-0x20000": {
      "Action": 10,
      "Text": "[1;2F"
    },
    "0x36-0x40000": {
      "Action": 11,
      "Text": "0x1e"
    },
    "0xf708-0x20000": {
      "Action": 10,
      "Text": "[15;2~"
    },
    "0xf701-0x220000": {
      "Action": 10,
      "Text": "[1;2B"
    },
    "0xf70b-0x20000": {
      "Action": 10,
      "Text": "[19;2~"
    },
    "0xf702-0x240000": {
      "Action": 10,
      "Text": "[1;5D"
    },
    "0xf704-0x20000": {
      "Action": 10,
      "Text": "[1;2P"
    }
  },
  "Window Type": 0,
  "Background Image Location": "",
  "Blur": false,
  "Badge Color": {
    "Red Component": 1,
    "Color Space": "Calibrated",
    "Blue Component": 0,
    "Alpha Component": 0.5,
    "Green Component": 0
  },
  "Scrollback Lines": 1000,
  "Send Code When Idle": false,
  "Close Sessions On End": true,
  "Terminal Type": "xterm-256color",
  "Visual Bell": true,
  "Flashing Bell": false,
  "Silence Bell": false,
  "Ansi 14 Color": {
    "Green Component": 0.8385321624,
    "Blue Component": 0.8118151991,
    "Red Component": 0.4903187999
  },
  "Name": "Default",
  "Cursor Text Color": {
    "Green Component": 0.08235294371843338,
    "Blue Component": 0.08235294371843338,
    "Red Component": 0.08235294371843338
  },
  "Shortcut": "",
  "Cursor Color": {
    "Red Component": 0.0774935856461525,
    "Color Space": "Calibrated",
    "Blue Component": 0.9984839558601379,
    "Alpha Component": 1,
    "Green Component": 0.5320464372634888
  },
  "Ansi 0 Color": {
    "Green Component": 0.08235294371843338,
    "Blue Component": 0.08235294371843338,
    "Red Component": 0.08235294371843338
  },
  "Ansi 1 Color": {
    "Green Component": 0.2549019754,
    "Blue Component": 0.2588235438,
    "Red Component": 0.6745098233
  },
  "Transparency": 0,
  "Link Color": {
    "Red Component": 0.023,
    "Color Space": "Calibrated",
    "Blue Component": 0.678,
    "Alpha Component": 1,
    "Green Component": 0.27
  },
  "Horizontal Spacing": 1,
  "Custom Directory": "No",
  "Ansi 6 Color": {
    "Green Component": 0.8385321624,
    "Blue Component": 0.8118151991,
    "Red Component": 0.4903187999
  },
  "Ansi 7 Color": {
    "Green Component": 0.8156862854957581,
    "Blue Component": 0.8156862854957581,
    "Red Component": 0.8156862854957581
  },
  "Ansi 8 Color": {
    "Green Component": 0.3137255012989044,
    "Blue Component": 0.3137255012989044,